model,n_clusters,silhouette,calinski_harabasz,davies_bouldin,cluster_balance,stability_ari
kmeans,5,0.1942580312229177,9469.067820615322,1.459869700016633,0.01646,0.9984018902025736
kmeans,3,0.18486478273078724,10515.496067328904,1.7722510776370652,0.2981,0.9990216609049712
kmeans,4,0.1813698090582383,9248.493272765741,1.6778994126996405,0.22356,0.6220953447976092
gmm,5,0.1408499319510989,6396.1055170744,2.017768196243792,0.0154,0.33587346231363513
gmm,3,0.12943601867210236,6205.827067093093,2.5500189560610482,0.26006,0.99815526593829
gmm,4,0.11446588562679703,5569.450356085357,2.676606821400753,0.15816,0.6851255502656831
